[
    {
        "pk": 25, 
        "model": "askbot.badgedata", 
        "fields": {
            "awarded_count": 0, 
            "slug": "autobiographer"
        }
    }, 
    {
        "pk": 28, 
        "model": "askbot.badgedata", 
        "fields": {
            "awarded_count": 0, 
            "slug": "citizen-patrol"
        }
    }, 
    {
        "pk": 13, 
        "model": "askbot.badgedata", 
        "fields": {
            "awarded_count": 0, 
            "slug": "civic-duty"
        }
    }, 
    {
        "pk": 30, 
        "model": "askbot.badgedata", 
        "fields": {
            "awarded_count": 0, 
            "slug": "cleanup"
        }
    }, 
    {
        "pk": 32, 
        "model": "askbot.badgedata", 
        "fields": {
            "awarded_count": 0, 
            "slug": "commentator"
        }
    }, 
    {
        "pk": 8, 
        "model": "askbot.badgedata", 
        "fields": {
            "awarded_count": 0, 
            "slug": "critic"
        }
    }, 
    {
        "pk": 7, 
        "model": "askbot.badgedata", 
        "fields": {
            "awarded_count": 0, 
            "slug": "disciplined"
        }
    }, 
    {
        "pk": 31, 
        "model": "askbot.badgedata", 
        "fields": {
            "awarded_count": 0, 
            "slug": "editor"
        }
    }, 
    {
        "pk": 12, 
        "model": "askbot.badgedata", 
        "fields": {
            "awarded_count": 0, 
            "slug": "enlightened"
        }
    }, 
    {
        "pk": 16, 
        "model": "askbot.badgedata", 
        "fields": {
            "awarded_count": 0, 
            "slug": "enthusiast"
        }
    }, 
    {
        "pk": 20, 
        "model": "askbot.badgedata", 
        "fields": {
            "awarded_count": 0, 
            "slug": "expert"
        }
    }, 
    {
        "pk": 9, 
        "model": "askbot.badgedata", 
        "fields": {
            "awarded_count": 0, 
            "slug": "famous-question"
        }
    }, 
    {
        "pk": 22, 
        "model": "askbot.badgedata", 
        "fields": {
            "awarded_count": 0, 
            "slug": "favorite-question"
        }
    }, 
    {
        "pk": 5, 
        "model": "askbot.badgedata", 
        "fields": {
            "awarded_count": 0, 
            "slug": "good-answer"
        }
    }, 
    {
        "pk": 17, 
        "model": "askbot.badgedata", 
        "fields": {
            "awarded_count": 0, 
            "slug": "good-question"
        }
    }, 
    {
        "pk": 23, 
        "model": "askbot.badgedata", 
        "fields": {
            "awarded_count": 0, 
            "slug": "great-answer"
        }
    }, 
    {
        "pk": 1, 
        "model": "askbot.badgedata", 
        "fields": {
            "awarded_count": 0, 
            "slug": "great-question"
        }
    }, 
    {
        "pk": 24, 
        "model": "askbot.badgedata", 
        "fields": {
            "awarded_count": 0, 
            "slug": "guru"
        }
    }, 
    {
        "pk": 3, 
        "model": "askbot.badgedata", 
        "fields": {
            "awarded_count": 0, 
            "slug": "necromancer"
        }
    }, 
    {
        "pk": 11, 
        "model": "askbot.badgedata", 
        "fields": {
            "awarded_count": 0, 
            "slug": "nice-answer"
        }
    }, 
    {
        "pk": 19, 
        "model": "askbot.badgedata", 
        "fields": {
            "awarded_count": 0, 
            "slug": "nice-question"
        }
    }, 
    {
        "pk": 2, 
        "model": "askbot.badgedata", 
        "fields": {
            "awarded_count": 0, 
            "slug": "notable-question"
        }
    }, 
    {
        "pk": 14, 
        "model": "askbot.badgedata", 
        "fields": {
            "awarded_count": 0, 
            "slug": "organizer"
        }
    }, 
    {
        "pk": 6, 
        "model": "askbot.badgedata", 
        "fields": {
            "awarded_count": 0, 
            "slug": "peer-pressure"
        }
    }, 
    {
        "pk": 18, 
        "model": "askbot.badgedata", 
        "fields": {
            "awarded_count": 0, 
            "slug": "popular-question"
        }
    }, 
    {
        "pk": 33, 
        "model": "askbot.badgedata", 
        "fields": {
            "awarded_count": 0, 
            "slug": "pundit"
        }
    }, 
    {
        "pk": 15, 
        "model": "askbot.badgedata", 
        "fields": {
            "awarded_count": 1, 
            "slug": "scholar"
        }
    }, 
    {
        "pk": 34, 
        "model": "askbot.badgedata", 
        "fields": {
            "awarded_count": 0, 
            "slug": "self-learner"
        }
    }, 
    {
        "pk": 4, 
        "model": "askbot.badgedata", 
        "fields": {
            "awarded_count": 0, 
            "slug": "stellar-question"
        }
    }, 
    {
        "pk": 21, 
        "model": "askbot.badgedata", 
        "fields": {
            "awarded_count": 0, 
            "slug": "strunk-and-white"
        }
    }, 
    {
        "pk": 10, 
        "model": "askbot.badgedata", 
        "fields": {
            "awarded_count": 0, 
            "slug": "student"
        }
    }, 
    {
        "pk": 27, 
        "model": "askbot.badgedata", 
        "fields": {
            "awarded_count": 0, 
            "slug": "supporter"
        }
    }, 
    {
        "pk": 26, 
        "model": "askbot.badgedata", 
        "fields": {
            "awarded_count": 0, 
            "slug": "taxonomist"
        }
    }, 
    {
        "pk": 29, 
        "model": "askbot.badgedata", 
        "fields": {
            "awarded_count": 0, 
            "slug": "teacher"
        }
    }, 
    {
        "pk": 1, 
        "model": "askbot.award", 
        "fields": {
            "awarded_at": "2013-07-03T07:29:32.391", 
            "notified": false, 
            "object_id": 13, 
            "user": 2, 
            "content_type": 37, 
            "badge": 15
        }
    }, 
    {
        "pk": 1, 
        "model": "askbot.repute", 
        "fields": {
            "comment": "This is a reputation test", 
            "positive": 1000, 
            "question": 8, 
            "negative": 0, 
            "reputation_type": 1, 
            "user": 5, 
            "reputed_at": "2013-07-03T04:44:32", 
            "reputation": 50
        }
    }, 
    {
        "pk": 2, 
        "model": "askbot.repute", 
        "fields": {
            "comment": null, 
            "positive": 15, 
            "question": 8, 
            "negative": 0, 
            "reputation_type": 2, 
            "user": 5, 
            "reputed_at": "2013-07-03T07:29:32.391", 
            "reputation": 16
        }
    }, 
    {
        "pk": 3, 
        "model": "askbot.repute", 
        "fields": {
            "comment": null, 
            "positive": 2, 
            "question": 8, 
            "negative": 0, 
            "reputation_type": 3, 
            "user": 2, 
            "reputed_at": "2013-07-03T07:29:32.391", 
            "reputation": 3
        }
    }, 
    {
        "pk": 1, 
        "model": "askbot.activityauditstatus", 
        "fields": {
            "status": 1, 
            "user": 2, 
            "activity": 2
        }
    }, 
    {
        "pk": 2, 
        "model": "askbot.activityauditstatus", 
        "fields": {
            "status": 0, 
            "user": 2, 
            "activity": 4
        }
    }, 
    {
        "pk": 3, 
        "model": "askbot.activityauditstatus", 
        "fields": {
            "status": 0, 
            "user": 5, 
            "activity": 5
        }
    }, 
    {
        "pk": 1, 
        "model": "askbot.activity", 
        "fields": {
            "is_auditted": false, 
            "question": 8, 
            "object_id": 8, 
            "summary": "Test Test Test Test Test Test Test Test Test Test Test Test \n ...", 
            "receiving_users": [], 
            "user": 2, 
            "content_type": 37, 
            "active_at": "2013-07-03T03:20:16.189", 
            "activity_type": 1
        }
    }, 
    {
        "pk": 2, 
        "model": "askbot.activity", 
        "fields": {
            "is_auditted": false, 
            "question": 8, 
            "object_id": 13, 
            "summary": "Answer answer answer Answer answer answer Answer answer answer Answer answer answer Answer answer answer Answer answer a ...", 
            "receiving_users": [], 
            "user": 5, 
            "content_type": 37, 
            "active_at": "2013-07-03T04:54:54.613", 
            "activity_type": 2
        }
    }, 
    {
        "pk": 3, 
        "model": "askbot.activity", 
        "fields": {
            "is_auditted": false, 
            "question": 8, 
            "object_id": 14, 
            "summary": "This is a comment\n ...", 
            "receiving_users": [], 
            "user": 2, 
            "content_type": 37, 
            "active_at": "2013-07-03T07:26:05.464", 
            "activity_type": 3
        }
    }, 
    {
        "pk": 4, 
        "model": "askbot.activity", 
        "fields": {
            "is_auditted": false, 
            "question": null, 
            "object_id": 1, 
            "summary": "", 
            "receiving_users": [], 
            "user": 2, 
            "content_type": 26, 
            "active_at": "2013-07-03T07:29:32.391", 
            "activity_type": 7
        }
    }, 
    {
        "pk": 5, 
        "model": "askbot.activity", 
        "fields": {
            "is_auditted": false, 
            "question": 8, 
            "object_id": 15, 
            "summary": "That is yet another answer\n ...", 
            "receiving_users": [], 
            "user": 2, 
            "content_type": 37, 
            "active_at": "2013-07-03T07:30:16.345", 
            "activity_type": 2
        }
    }, 
    {
        "pk": 6, 
        "model": "askbot.activity", 
        "fields": {
            "is_auditted": false, 
            "question": 16, 
            "object_id": 16, 
            "summary": "Other user test. Just testing. Other user test. Just testing. Other user test. Just testing. Other user test. Just testi ...", 
            "receiving_users": [], 
            "user": 5, 
            "content_type": 37, 
            "active_at": "2013-07-03T07:32:00.393", 
            "activity_type": 1
        }
    }, 
    {
        "pk": 7, 
        "model": "askbot.activity", 
        "fields": {
            "is_auditted": false, 
            "question": 17, 
            "object_id": 17, 
            "summary": "Test 333 Test 333 Test 333 Test 333 Test 333 Test 333 Test 333 Test 333 Test 333 Test 333 Test 333 Test 333 Test 333 Tes ...", 
            "receiving_users": [], 
            "user": 5, 
            "content_type": 37, 
            "active_at": "2013-07-03T07:33:34.438", 
            "activity_type": 1
        }
    }, 
    {
        "pk": 8, 
        "model": "askbot.activity", 
        "fields": {
            "is_auditted": false, 
            "question": 17, 
            "object_id": 18, 
            "summary": "That is the coolest answer ever\n ...", 
            "receiving_users": [], 
            "user": 5, 
            "content_type": 37, 
            "active_at": "2013-07-03T07:34:04.183", 
            "activity_type": 2
        }
    }, 
    {
        "pk": 1, 
        "model": "askbot.emailfeedsetting", 
        "fields": {
            "subscriber": 2, 
            "reported_at": null, 
            "feed_type": "q_all", 
            "frequency": "w", 
            "added_at": "2013-07-03T03:19:47.079"
        }
    }, 
    {
        "pk": 2, 
        "model": "askbot.emailfeedsetting", 
        "fields": {
            "subscriber": 2, 
            "reported_at": null, 
            "feed_type": "q_sel", 
            "frequency": "i", 
            "added_at": "2013-07-03T03:19:47.085"
        }
    }, 
    {
        "pk": 3, 
        "model": "askbot.emailfeedsetting", 
        "fields": {
            "subscriber": 2, 
            "reported_at": null, 
            "feed_type": "q_ask", 
            "frequency": "i", 
            "added_at": "2013-07-03T03:19:47.087"
        }
    }, 
    {
        "pk": 4, 
        "model": "askbot.emailfeedsetting", 
        "fields": {
            "subscriber": 2, 
            "reported_at": null, 
            "feed_type": "q_ans", 
            "frequency": "d", 
            "added_at": "2013-07-03T03:19:47.089"
        }
    }, 
    {
        "pk": 5, 
        "model": "askbot.emailfeedsetting", 
        "fields": {
            "subscriber": 2, 
            "reported_at": null, 
            "feed_type": "m_and_c", 
            "frequency": "i", 
            "added_at": "2013-07-03T03:19:47.091"
        }
    }, 
    {
        "pk": 6, 
        "model": "askbot.emailfeedsetting", 
        "fields": {
            "subscriber": 3, 
            "reported_at": null, 
            "feed_type": "q_all", 
            "frequency": "w", 
            "added_at": "2013-07-03T04:28:00.975"
        }
    }, 
    {
        "pk": 7, 
        "model": "askbot.emailfeedsetting", 
        "fields": {
            "subscriber": 3, 
            "reported_at": null, 
            "feed_type": "q_sel", 
            "frequency": "i", 
            "added_at": "2013-07-03T04:28:00.977"
        }
    }, 
    {
        "pk": 8, 
        "model": "askbot.emailfeedsetting", 
        "fields": {
            "subscriber": 3, 
            "reported_at": null, 
            "feed_type": "q_ask", 
            "frequency": "i", 
            "added_at": "2013-07-03T04:28:00.979"
        }
    }, 
    {
        "pk": 9, 
        "model": "askbot.emailfeedsetting", 
        "fields": {
            "subscriber": 3, 
            "reported_at": null, 
            "feed_type": "q_ans", 
            "frequency": "d", 
            "added_at": "2013-07-03T04:28:00.982"
        }
    }, 
    {
        "pk": 10, 
        "model": "askbot.emailfeedsetting", 
        "fields": {
            "subscriber": 3, 
            "reported_at": null, 
            "feed_type": "m_and_c", 
            "frequency": "i", 
            "added_at": "2013-07-03T04:28:00.984"
        }
    }, 
    {
        "pk": 11, 
        "model": "askbot.emailfeedsetting", 
        "fields": {
            "subscriber": 4, 
            "reported_at": null, 
            "feed_type": "q_all", 
            "frequency": "w", 
            "added_at": "2013-07-03T04:36:58.385"
        }
    }, 
    {
        "pk": 12, 
        "model": "askbot.emailfeedsetting", 
        "fields": {
            "subscriber": 4, 
            "reported_at": null, 
            "feed_type": "q_sel", 
            "frequency": "i", 
            "added_at": "2013-07-03T04:36:58.387"
        }
    }, 
    {
        "pk": 13, 
        "model": "askbot.emailfeedsetting", 
        "fields": {
            "subscriber": 4, 
            "reported_at": null, 
            "feed_type": "q_ask", 
            "frequency": "i", 
            "added_at": "2013-07-03T04:36:58.390"
        }
    }, 
    {
        "pk": 14, 
        "model": "askbot.emailfeedsetting", 
        "fields": {
            "subscriber": 4, 
            "reported_at": null, 
            "feed_type": "q_ans", 
            "frequency": "d", 
            "added_at": "2013-07-03T04:36:58.392"
        }
    }, 
    {
        "pk": 15, 
        "model": "askbot.emailfeedsetting", 
        "fields": {
            "subscriber": 4, 
            "reported_at": null, 
            "feed_type": "m_and_c", 
            "frequency": "i", 
            "added_at": "2013-07-03T04:36:58.394"
        }
    }, 
    {
        "pk": 16, 
        "model": "askbot.emailfeedsetting", 
        "fields": {
            "subscriber": 5, 
            "reported_at": null, 
            "feed_type": "q_all", 
            "frequency": "w", 
            "added_at": "2013-07-03T04:41:17.875"
        }
    }, 
    {
        "pk": 17, 
        "model": "askbot.emailfeedsetting", 
        "fields": {
            "subscriber": 5, 
            "reported_at": null, 
            "feed_type": "q_sel", 
            "frequency": "i", 
            "added_at": "2013-07-03T04:41:17.877"
        }
    }, 
    {
        "pk": 18, 
        "model": "askbot.emailfeedsetting", 
        "fields": {
            "subscriber": 5, 
            "reported_at": null, 
            "feed_type": "q_ask", 
            "frequency": "i", 
            "added_at": "2013-07-03T04:41:17.879"
        }
    }, 
    {
        "pk": 19, 
        "model": "askbot.emailfeedsetting", 
        "fields": {
            "subscriber": 5, 
            "reported_at": null, 
            "feed_type": "q_ans", 
            "frequency": "d", 
            "added_at": "2013-07-03T04:41:17.881"
        }
    }, 
    {
        "pk": 20, 
        "model": "askbot.emailfeedsetting", 
        "fields": {
            "subscriber": 5, 
            "reported_at": null, 
            "feed_type": "m_and_c", 
            "frequency": "i", 
            "added_at": "2013-07-03T04:41:17.884"
        }
    }, 
    {
        "pk": 21, 
        "model": "askbot.emailfeedsetting", 
        "fields": {
            "subscriber": 6, 
            "reported_at": null, 
            "feed_type": "q_all", 
            "frequency": "w", 
            "added_at": "2013-07-31T03:30:53.591"
        }
    }, 
    {
        "pk": 22, 
        "model": "askbot.emailfeedsetting", 
        "fields": {
            "subscriber": 6, 
            "reported_at": null, 
            "feed_type": "q_sel", 
            "frequency": "i", 
            "added_at": "2013-07-31T03:30:53.598"
        }
    }, 
    {
        "pk": 23, 
        "model": "askbot.emailfeedsetting", 
        "fields": {
            "subscriber": 6, 
            "reported_at": null, 
            "feed_type": "q_ask", 
            "frequency": "i", 
            "added_at": "2013-07-31T03:30:53.602"
        }
    }, 
    {
        "pk": 24, 
        "model": "askbot.emailfeedsetting", 
        "fields": {
            "subscriber": 6, 
            "reported_at": null, 
            "feed_type": "q_ans", 
            "frequency": "d", 
            "added_at": "2013-07-31T03:30:53.606"
        }
    }, 
    {
        "pk": 25, 
        "model": "askbot.emailfeedsetting", 
        "fields": {
            "subscriber": 6, 
            "reported_at": null, 
            "feed_type": "m_and_c", 
            "frequency": "i", 
            "added_at": "2013-07-31T03:30:53.609"
        }
    }, 
    {
        "pk": 26, 
        "model": "askbot.emailfeedsetting", 
        "fields": {
            "subscriber": 7, 
            "reported_at": null, 
            "feed_type": "q_all", 
            "frequency": "w", 
            "added_at": "2013-07-31T05:16:08.128"
        }
    }, 
    {
        "pk": 27, 
        "model": "askbot.emailfeedsetting", 
        "fields": {
            "subscriber": 7, 
            "reported_at": null, 
            "feed_type": "q_sel", 
            "frequency": "i", 
            "added_at": "2013-07-31T05:16:08.130"
        }
    }, 
    {
        "pk": 28, 
        "model": "askbot.emailfeedsetting", 
        "fields": {
            "subscriber": 7, 
            "reported_at": null, 
            "feed_type": "q_ask", 
            "frequency": "i", 
            "added_at": "2013-07-31T05:16:08.133"
        }
    }, 
    {
        "pk": 29, 
        "model": "askbot.emailfeedsetting", 
        "fields": {
            "subscriber": 7, 
            "reported_at": null, 
            "feed_type": "q_ans", 
            "frequency": "d", 
            "added_at": "2013-07-31T05:16:08.135"
        }
    }, 
    {
        "pk": 30, 
        "model": "askbot.emailfeedsetting", 
        "fields": {
            "subscriber": 7, 
            "reported_at": null, 
            "feed_type": "m_and_c", 
            "frequency": "i", 
            "added_at": "2013-07-31T05:16:08.138"
        }
    }, 
    {
        "pk": 31, 
        "model": "askbot.emailfeedsetting", 
        "fields": {
            "subscriber": 8, 
            "reported_at": null, 
            "feed_type": "q_all", 
            "frequency": "w", 
            "added_at": "2013-07-31T05:42:27.603"
        }
    }, 
    {
        "pk": 32, 
        "model": "askbot.emailfeedsetting", 
        "fields": {
            "subscriber": 8, 
            "reported_at": null, 
            "feed_type": "q_sel", 
            "frequency": "i", 
            "added_at": "2013-07-31T05:42:27.623"
        }
    }, 
    {
        "pk": 33, 
        "model": "askbot.emailfeedsetting", 
        "fields": {
            "subscriber": 8, 
            "reported_at": null, 
            "feed_type": "q_ask", 
            "frequency": "i", 
            "added_at": "2013-07-31T05:42:27.646"
        }
    }, 
    {
        "pk": 34, 
        "model": "askbot.emailfeedsetting", 
        "fields": {
            "subscriber": 8, 
            "reported_at": null, 
            "feed_type": "q_ans", 
            "frequency": "d", 
            "added_at": "2013-07-31T05:42:27.666"
        }
    }, 
    {
        "pk": 35, 
        "model": "askbot.emailfeedsetting", 
        "fields": {
            "subscriber": 8, 
            "reported_at": null, 
            "feed_type": "m_and_c", 
            "frequency": "i", 
            "added_at": "2013-07-31T05:42:27.687"
        }
    }, 
    {
        "pk": 2, 
        "model": "askbot.groupmembership", 
        "fields": {
            "level": 1
        }
    }, 
    {
        "pk": 3, 
        "model": "askbot.groupmembership", 
        "fields": {
            "level": 1
        }
    }, 
    {
        "pk": 8, 
        "model": "askbot.groupmembership", 
        "fields": {
            "level": 1
        }
    }, 
    {
        "pk": 9, 
        "model": "askbot.groupmembership", 
        "fields": {
            "level": 1
        }
    }, 
    {
        "pk": 22, 
        "model": "askbot.groupmembership", 
        "fields": {
            "level": 1
        }
    }, 
    {
        "pk": 23, 
        "model": "askbot.groupmembership", 
        "fields": {
            "level": 1
        }
    }, 
    {
        "pk": 28, 
        "model": "askbot.groupmembership", 
        "fields": {
            "level": 1
        }
    }, 
    {
        "pk": 29, 
        "model": "askbot.groupmembership", 
        "fields": {
            "level": 1
        }
    }, 
    {
        "pk": 30, 
        "model": "askbot.groupmembership", 
        "fields": {
            "level": 1
        }
    }, 
    {
        "pk": 31, 
        "model": "askbot.groupmembership", 
        "fields": {
            "level": 1
        }
    }, 
    {
        "pk": 32, 
        "model": "askbot.groupmembership", 
        "fields": {
            "level": 1
        }
    }, 
    {
        "pk": 33, 
        "model": "askbot.groupmembership", 
        "fields": {
            "level": 1
        }
    }, 
    {
        "pk": 34, 
        "model": "askbot.groupmembership", 
        "fields": {
            "level": 1
        }
    }, 
    {
        "pk": 35, 
        "model": "askbot.groupmembership", 
        "fields": {
            "level": 1
        }
    }, 
    {
        "pk": 1, 
        "model": "askbot.group", 
        "fields": {
            "preapproved_emails": "  ", 
            "logo_url": null, 
            "moderate_email": true, 
            "description": null, 
            "preapproved_email_domains": "  ", 
            "is_vip": false, 
            "openness": 2, 
            "moderate_answers_to_enquirers": false, 
            "permissions": []
        }
    }, 
    {
        "pk": 3, 
        "model": "askbot.group", 
        "fields": {
            "preapproved_emails": "  ", 
            "logo_url": null, 
            "moderate_email": true, 
            "description": null, 
            "preapproved_email_domains": "  ", 
            "is_vip": false, 
            "openness": 2, 
            "moderate_answers_to_enquirers": false, 
            "permissions": []
        }
    }, 
    {
        "pk": 4, 
        "model": "askbot.group", 
        "fields": {
            "preapproved_emails": "  ", 
            "logo_url": null, 
            "moderate_email": true, 
            "description": null, 
            "preapproved_email_domains": "  ", 
            "is_vip": false, 
            "openness": 2, 
            "moderate_answers_to_enquirers": false, 
            "permissions": []
        }
    }, 
    {
        "pk": 5, 
        "model": "askbot.group", 
        "fields": {
            "preapproved_emails": "  ", 
            "logo_url": null, 
            "moderate_email": true, 
            "description": null, 
            "preapproved_email_domains": "  ", 
            "is_vip": false, 
            "openness": 2, 
            "moderate_answers_to_enquirers": false, 
            "permissions": []
        }
    }, 
    {
        "pk": 6, 
        "model": "askbot.group", 
        "fields": {
            "preapproved_emails": "  ", 
            "logo_url": null, 
            "moderate_email": true, 
            "description": null, 
            "preapproved_email_domains": "  ", 
            "is_vip": false, 
            "openness": 2, 
            "moderate_answers_to_enquirers": false, 
            "permissions": []
        }
    }, 
    {
        "pk": 7, 
        "model": "askbot.group", 
        "fields": {
            "preapproved_emails": "  ", 
            "logo_url": null, 
            "moderate_email": true, 
            "description": null, 
            "preapproved_email_domains": "  ", 
            "is_vip": false, 
            "openness": 2, 
            "moderate_answers_to_enquirers": false, 
            "permissions": []
        }
    }, 
    {
        "pk": 8, 
        "model": "askbot.group", 
        "fields": {
            "preapproved_emails": "  ", 
            "logo_url": null, 
            "moderate_email": true, 
            "description": null, 
            "preapproved_email_domains": "  ", 
            "is_vip": false, 
            "openness": 2, 
            "moderate_answers_to_enquirers": false, 
            "permissions": []
        }
    }, 
    {
        "pk": 9, 
        "model": "askbot.group", 
        "fields": {
            "preapproved_emails": "  ", 
            "logo_url": null, 
            "moderate_email": true, 
            "description": null, 
            "preapproved_email_domains": "  ", 
            "is_vip": false, 
            "openness": 2, 
            "moderate_answers_to_enquirers": false, 
            "permissions": []
        }
    }, 
    {
        "pk": 1, 
        "model": "askbot.posttogroup", 
        "fields": {
            "post": 8, 
            "group": 3
        }
    }, 
    {
        "pk": 2, 
        "model": "askbot.posttogroup", 
        "fields": {
            "post": 8, 
            "group": 1
        }
    }, 
    {
        "pk": 3, 
        "model": "askbot.posttogroup", 
        "fields": {
            "post": 13, 
            "group": 1
        }
    }, 
    {
        "pk": 4, 
        "model": "askbot.posttogroup", 
        "fields": {
            "post": 13, 
            "group": 3
        }
    }, 
    {
        "pk": 5, 
        "model": "askbot.posttogroup", 
        "fields": {
            "post": 13, 
            "group": 6
        }
    }, 
    {
        "pk": 6, 
        "model": "askbot.posttogroup", 
        "fields": {
            "post": 14, 
            "group": 1
        }
    }, 
    {
        "pk": 7, 
        "model": "askbot.posttogroup", 
        "fields": {
            "post": 14, 
            "group": 3
        }
    }, 
    {
        "pk": 8, 
        "model": "askbot.posttogroup", 
        "fields": {
            "post": 15, 
            "group": 1
        }
    }, 
    {
        "pk": 9, 
        "model": "askbot.posttogroup", 
        "fields": {
            "post": 15, 
            "group": 3
        }
    }, 
    {
        "pk": 10, 
        "model": "askbot.posttogroup", 
        "fields": {
            "post": 16, 
            "group": 6
        }
    }, 
    {
        "pk": 11, 
        "model": "askbot.posttogroup", 
        "fields": {
            "post": 16, 
            "group": 1
        }
    }, 
    {
        "pk": 12, 
        "model": "askbot.posttogroup", 
        "fields": {
            "post": 17, 
            "group": 6
        }
    }, 
    {
        "pk": 13, 
        "model": "askbot.posttogroup", 
        "fields": {
            "post": 17, 
            "group": 1
        }
    }, 
    {
        "pk": 14, 
        "model": "askbot.posttogroup", 
        "fields": {
            "post": 18, 
            "group": 1
        }
    }, 
    {
        "pk": 15, 
        "model": "askbot.posttogroup", 
        "fields": {
            "post": 18, 
            "group": 6
        }
    }, 
    {
        "pk": 13, 
        "model": "askbot.post", 
        "fields": {
            "wiki": false, 
            "vote_up_count": 0, 
            "text": "Answer answer answer Answer answer answer Answer answer answer Answer answer answer Answer answer answer Answer answer answer", 
            "offensive_flag_count": 0, 
            "post_type": "answer", 
            "deleted_at": null, 
            "locked_at": null, 
            "author": 5, 
            "is_anonymous": false, 
            "comment_count": 0, 
            "html": "<p>Answer answer answer Answer answer answer Answer answer answer Answer answer answer Answer answer answer Answer answer answer</p>\n", 
            "vote_down_count": 0, 
            "last_edited_by": null, 
            "old_answer_id": null, 
            "parent": null, 
            "deleted": false, 
            "summary": "Answer answer answer Answer answer answer Answer answer answer Answer answer answer Answer answer answer Answer answer a ...", 
            "approved": true, 
            "locked": false, 
            "old_question_id": null, 
            "thread": 8, 
            "locked_by": null, 
            "added_at": "2013-07-03T04:54:54.613", 
            "deleted_by": null, 
            "points": 0, 
            "wikified_at": null, 
            "old_comment_id": null, 
            "last_edited_at": null
        }
    }, 
    {
        "pk": 14, 
        "model": "askbot.post", 
        "fields": {
            "wiki": false, 
            "vote_up_count": 0, 
            "text": "This is a comment", 
            "offensive_flag_count": 0, 
            "post_type": "comment", 
            "deleted_at": null, 
            "locked_at": null, 
            "author": 2, 
            "is_anonymous": false, 
            "comment_count": 0, 
            "html": "<p>This is a comment</p>\n", 
            "vote_down_count": 0, 
            "last_edited_by": null, 
            "old_answer_id": null, 
            "parent": 8, 
            "deleted": false, 
            "summary": "This is a comment\n ...", 
            "approved": true, 
            "locked": false, 
            "old_question_id": null, 
            "thread": 8, 
            "locked_by": null, 
            "added_at": "2013-07-03T07:26:05.464", 
            "deleted_by": null, 
            "points": 0, 
            "wikified_at": null, 
            "old_comment_id": null, 
            "last_edited_at": null
        }
    }, 
    {
        "pk": 8, 
        "model": "askbot.post", 
        "fields": {
            "wiki": false, 
            "vote_up_count": 0, 
            "text": "Test Test Test Test Test Test Test Test Test Test Test Test \r\n\r\n", 
            "offensive_flag_count": 0, 
            "post_type": "question", 
            "deleted_at": null, 
            "locked_at": null, 
            "author": 2, 
            "is_anonymous": false, 
            "comment_count": 1, 
            "html": "<p>Test Test Test Test Test Test Test Test Test Test Test Test </p>\n", 
            "vote_down_count": 0, 
            "last_edited_by": null, 
            "old_answer_id": null, 
            "parent": null, 
            "deleted": false, 
            "summary": "Test Test Test Test Test Test Test Test Test Test Test Test \n ...", 
            "approved": true, 
            "locked": false, 
            "old_question_id": null, 
            "thread": 8, 
            "locked_by": null, 
            "added_at": "2013-07-03T03:20:16.189", 
            "deleted_by": null, 
            "points": 0, 
            "wikified_at": null, 
            "old_comment_id": null, 
            "last_edited_at": null
        }
    }, 
    {
        "pk": 15, 
        "model": "askbot.post", 
        "fields": {
            "wiki": false, 
            "vote_up_count": 0, 
            "text": "That is yet another answer\r\n", 
            "offensive_flag_count": 0, 
            "post_type": "answer", 
            "deleted_at": null, 
            "locked_at": null, 
            "author": 2, 
            "is_anonymous": false, 
            "comment_count": 0, 
            "html": "<p>That is yet another answer</p>\n", 
            "vote_down_count": 0, 
            "last_edited_by": null, 
            "old_answer_id": null, 
            "parent": null, 
            "deleted": false, 
            "summary": "That is yet another answer\n ...", 
            "approved": true, 
            "locked": false, 
            "old_question_id": null, 
            "thread": 8, 
            "locked_by": null, 
            "added_at": "2013-07-03T07:30:16.345", 
            "deleted_by": null, 
            "points": 0, 
            "wikified_at": null, 
            "old_comment_id": null, 
            "last_edited_at": null
        }
    }, 
    {
        "pk": 16, 
        "model": "askbot.post", 
        "fields": {
            "wiki": false, 
            "vote_up_count": 0, 
            "text": "Other user test. Just testing. Other user test. Just testing. Other user test. Just testing. Other user test. Just testing.\r\n\r\n![image description](http://www.designboom.com/weblog/images/images_2/lara/818_images/robert_buelteman/electrocuted_flowers00.jpg)", 
            "offensive_flag_count": 0, 
            "post_type": "question", 
            "deleted_at": null, 
            "locked_at": null, 
            "author": 5, 
            "is_anonymous": false, 
            "comment_count": 0, 
            "html": "<p>Other user test. Just testing. Other user test. Just testing. Other user test. Just testing. Other user test. Just testing.</p>\n<p>http://www.designboom.com/weblog/images/images_2/lara/818_images/robert_buelteman/electrocuted_flowers00.jpg (image description)</p>\n", 
            "vote_down_count": 0, 
            "last_edited_by": null, 
            "old_answer_id": null, 
            "parent": null, 
            "deleted": false, 
            "summary": "Other user test. Just testing. Other user test. Just testing. Other user test. Just testing. Other user test. Just testi ...", 
            "approved": true, 
            "locked": false, 
            "old_question_id": null, 
            "thread": 13, 
            "locked_by": null, 
            "added_at": "2013-07-03T07:32:00.393", 
            "deleted_by": null, 
            "points": 0, 
            "wikified_at": null, 
            "old_comment_id": null, 
            "last_edited_at": null
        }
    }, 
    {
        "pk": 17, 
        "model": "askbot.post", 
        "fields": {
            "wiki": false, 
            "vote_up_count": 0, 
            "text": "Test 333 Test 333 Test 333 Test 333 Test 333 Test 333 Test 333 Test 333 Test 333 Test 333 Test 333 Test 333 Test 333 Test 333 Test 333 Test 333 Test 333 Test 333 Test 333 Test 333 Test 333 Test 333 Test 333 Test 333 Test 333 Test 333 Test 333 Test 333 Test 333 Test 333 Test 333 Test 333 Test 333 Test 333 Test 333 Test 333 Test 333 Test 333 Test 333 Test 333 Test 333 Test 333 Test 333 Test 333 Test 333 Test 333 Test 333 Test 333 Test 333 Test 333 Test 333 Test 333 Test 333 Test 333 Test 333 Test 333 Test 333 Test 333 Test 333 Test 333 Test 333 Test 333 Test 333 Test 333 Test 333 Test 333 Test 333 Test 333 Test 333 Test 333 Test 333 Test 333 Test 333 Test 333 Test 333 Test 333 Test 333 Test 333 Test 333 Test 333 Test 333 Test 333 Test 333 Test 333 Test 333 Test 333 Test 333 Test 333 Test 333 Test 333 Test 333 Test 333 Test 333 Test 333 Test 333 Test 333 Test 333 Test 333 Test 333 Test 333 Test 333 Test 333 Test 333 Test 333 Test 333 Test 333 Test 333 Test 333 Test 333 Test 333 Test 333 Test 333 Test 333 Test 333 Test 333 Test 333 Test 333 Test 333 Test 333 Test 333 Test 333 Test 333 Test 333 \r\n`def python_function(parameter):\r\n    return parameter`", 
            "offensive_flag_count": 0, 
            "post_type": "question", 
            "deleted_at": null, 
            "locked_at": null, 
            "author": 5, 
            "is_anonymous": false, 
            "comment_count": 0, 
            "html": "<p>Test 333 Test 333 Test 333 Test 333 Test 333 Test 333 Test 333 Test 333 Test 333 Test 333 Test 333 Test 333 Test 333 Test 333 Test 333 Test 333 Test 333 Test 333 Test 333 Test 333 Test 333 Test 333 Test 333 Test 333 Test 333 Test 333 Test 333 Test 333 Test 333 Test 333 Test 333 Test 333 Test 333 Test 333 Test 333 Test 333 Test 333 Test 333 Test 333 Test 333 Test 333 Test 333 Test 333 Test 333 Test 333 Test 333 Test 333 Test 333 Test 333 Test 333 Test 333 Test 333 Test 333 Test 333 Test 333 Test 333 Test 333 Test 333 Test 333 Test 333 Test 333 Test 333 Test 333 Test 333 Test 333 Test 333 Test 333 Test 333 Test 333 Test 333 Test 333 Test 333 Test 333 Test 333 Test 333 Test 333 Test 333 Test 333 Test 333 Test 333 Test 333 Test 333 Test 333 Test 333 Test 333 Test 333 Test 333 Test 333 Test 333 Test 333 Test 333 Test 333 Test 333 Test 333 Test 333 Test 333 Test 333 Test 333 Test 333 Test 333 Test 333 Test 333 Test 333 Test 333 Test 333 Test 333 Test 333 Test 333 Test 333 Test 333 Test 333 Test 333 Test 333 Test 333 Test 333 Test 333 Test 333 Test 333 Test 333 Test 333 Test 333 Test 333 Test 333 \n<code>def python_function(parameter):\n    return parameter</code></p>\n", 
            "vote_down_count": 0, 
            "last_edited_by": null, 
            "old_answer_id": null, 
            "parent": null, 
            "deleted": false, 
            "summary": "Test 333 Test 333 Test 333 Test 333 Test 333 Test 333 Test 333 Test 333 Test 333 Test 333 Test 333 Test 333 Test 333 Tes ...", 
            "approved": true, 
            "locked": false, 
            "old_question_id": null, 
            "thread": 14, 
            "locked_by": null, 
            "added_at": "2013-07-03T07:33:34.438", 
            "deleted_by": null, 
            "points": 0, 
            "wikified_at": null, 
            "old_comment_id": null, 
            "last_edited_at": null
        }
    }, 
    {
        "pk": 18, 
        "model": "askbot.post", 
        "fields": {
            "wiki": false, 
            "vote_up_count": 0, 
            "text": "That is the coolest answer ever", 
            "offensive_flag_count": 0, 
            "post_type": "answer", 
            "deleted_at": null, 
            "locked_at": null, 
            "author": 5, 
            "is_anonymous": false, 
            "comment_count": 0, 
            "html": "<p>That is the coolest answer ever</p>\n", 
            "vote_down_count": 0, 
            "last_edited_by": null, 
            "old_answer_id": null, 
            "parent": null, 
            "deleted": false, 
            "summary": "That is the coolest answer ever\n ...", 
            "approved": true, 
            "locked": false, 
            "old_question_id": null, 
            "thread": 14, 
            "locked_by": null, 
            "added_at": "2013-07-03T07:34:04.183", 
            "deleted_by": null, 
            "points": 0, 
            "wikified_at": null, 
            "old_comment_id": null, 
            "last_edited_at": null
        }
    }, 
    {
        "pk": 8, 
        "model": "askbot.postrevision", 
        "fields": {
            "is_anonymous": false, 
            "author": 2, 
            "tagnames": "", 
            "text": "Test Test Test Test Test Test Test Test Test Test Test Test \r\n\r\n", 
            "title": "Test Test Test Test Test Test Test Test", 
            "revised_at": "2013-07-03T03:20:16.189", 
            "summary": "initial version", 
            "email_address": null, 
            "approved_by": null, 
            "by_email": false, 
            "post": 8, 
            "approved_at": null, 
            "approved": false, 
            "revision": 1
        }
    }, 
    {
        "pk": 13, 
        "model": "askbot.postrevision", 
        "fields": {
            "is_anonymous": false, 
            "author": 5, 
            "tagnames": "", 
            "text": "Answer answer answer Answer answer answer Answer answer answer Answer answer answer Answer answer answer Answer answer answer", 
            "title": "", 
            "revised_at": "2013-07-03T04:54:54.613", 
            "summary": "initial version", 
            "email_address": null, 
            "approved_by": null, 
            "by_email": false, 
            "post": 13, 
            "approved_at": null, 
            "approved": false, 
            "revision": 1
        }
    }, 
    {
        "pk": 14, 
        "model": "askbot.postrevision", 
        "fields": {
            "is_anonymous": false, 
            "author": 2, 
            "tagnames": "", 
            "text": "This is a comment", 
            "title": "", 
            "revised_at": "2013-07-03T07:26:05.464", 
            "summary": "initial version", 
            "email_address": null, 
            "approved_by": null, 
            "by_email": false, 
            "post": 14, 
            "approved_at": null, 
            "approved": false, 
            "revision": 1
        }
    }, 
    {
        "pk": 15, 
        "model": "askbot.postrevision", 
        "fields": {
            "is_anonymous": false, 
            "author": 2, 
            "tagnames": "", 
            "text": "That is yet another answer\r\n", 
            "title": "", 
            "revised_at": "2013-07-03T07:30:16.345", 
            "summary": "initial version", 
            "email_address": null, 
            "approved_by": null, 
            "by_email": false, 
            "post": 15, 
            "approved_at": null, 
            "approved": false, 
            "revision": 1
        }
    }, 
    {
        "pk": 16, 
        "model": "askbot.postrevision", 
        "fields": {
            "is_anonymous": false, 
            "author": 5, 
            "tagnames": "", 
            "text": "Other user test. Just testing. Other user test. Just testing. Other user test. Just testing. Other user test. Just testing.\r\n\r\n![image description](http://www.designboom.com/weblog/images/images_2/lara/818_images/robert_buelteman/electrocuted_flowers00.jpg)", 
            "title": "Other user test. Just testing.", 
            "revised_at": "2013-07-03T07:32:00.393", 
            "summary": "initial version", 
            "email_address": null, 
            "approved_by": null, 
            "by_email": false, 
            "post": 16, 
            "approved_at": null, 
            "approved": false, 
            "revision": 1
        }
    }, 
    {
        "pk": 17, 
        "model": "askbot.postrevision", 
        "fields": {
            "is_anonymous": false, 
            "author": 5, 
            "tagnames": "", 
            "text": "Test 333 Test 333 Test 333 Test 333 Test 333 Test 333 Test 333 Test 333 Test 333 Test 333 Test 333 Test 333 Test 333 Test 333 Test 333 Test 333 Test 333 Test 333 Test 333 Test 333 Test 333 Test 333 Test 333 Test 333 Test 333 Test 333 Test 333 Test 333 Test 333 Test 333 Test 333 Test 333 Test 333 Test 333 Test 333 Test 333 Test 333 Test 333 Test 333 Test 333 Test 333 Test 333 Test 333 Test 333 Test 333 Test 333 Test 333 Test 333 Test 333 Test 333 Test 333 Test 333 Test 333 Test 333 Test 333 Test 333 Test 333 Test 333 Test 333 Test 333 Test 333 Test 333 Test 333 Test 333 Test 333 Test 333 Test 333 Test 333 Test 333 Test 333 Test 333 Test 333 Test 333 Test 333 Test 333 Test 333 Test 333 Test 333 Test 333 Test 333 Test 333 Test 333 Test 333 Test 333 Test 333 Test 333 Test 333 Test 333 Test 333 Test 333 Test 333 Test 333 Test 333 Test 333 Test 333 Test 333 Test 333 Test 333 Test 333 Test 333 Test 333 Test 333 Test 333 Test 333 Test 333 Test 333 Test 333 Test 333 Test 333 Test 333 Test 333 Test 333 Test 333 Test 333 Test 333 Test 333 Test 333 Test 333 Test 333 Test 333 Test 333 Test 333 Test 333 \r\n`def python_function(parameter):\r\n    return parameter`", 
            "title": "Test 333 Test 333 Test 333 Test 333 Test 333 Test 333 Test 333", 
            "revised_at": "2013-07-03T07:33:34.438", 
            "summary": "initial version", 
            "email_address": null, 
            "approved_by": null, 
            "by_email": false, 
            "post": 17, 
            "approved_at": null, 
            "approved": false, 
            "revision": 1
        }
    }, 
    {
        "pk": 18, 
        "model": "askbot.postrevision", 
        "fields": {
            "is_anonymous": false, 
            "author": 5, 
            "tagnames": "", 
            "text": "That is the coolest answer ever", 
            "title": "", 
            "revised_at": "2013-07-03T07:34:04.183", 
            "summary": "initial version", 
            "email_address": null, 
            "approved_by": null, 
            "by_email": false, 
            "post": 18, 
            "approved_at": null, 
            "approved": false, 
            "revision": 1
        }
    }, 
    {
        "pk": 1, 
        "model": "askbot.threadtogroup", 
        "fields": {
            "group": 3, 
            "visibility": 0, 
            "thread": 8
        }
    }, 
    {
        "pk": 2, 
        "model": "askbot.threadtogroup", 
        "fields": {
            "group": 1, 
            "visibility": 1, 
            "thread": 8
        }
    }, 
    {
        "pk": 3, 
        "model": "askbot.threadtogroup", 
        "fields": {
            "group": 6, 
            "visibility": 0, 
            "thread": 13
        }
    }, 
    {
        "pk": 4, 
        "model": "askbot.threadtogroup", 
        "fields": {
            "group": 1, 
            "visibility": 1, 
            "thread": 13
        }
    }, 
    {
        "pk": 5, 
        "model": "askbot.threadtogroup", 
        "fields": {
            "group": 6, 
            "visibility": 0, 
            "thread": 14
        }
    }, 
    {
        "pk": 6, 
        "model": "askbot.threadtogroup", 
        "fields": {
            "group": 1, 
            "visibility": 1, 
            "thread": 14
        }
    }, 
    {
        "pk": 13, 
        "model": "askbot.thread", 
        "fields": {
            "last_activity_by": 5, 
            "view_count": 1, 
            "close_reason": null, 
            "last_activity_at": "2013-07-03T07:32:00.393", 
            "closed": false, 
            "title": "Other user test. Just testing.", 
            "tagnames": "", 
            "tags": [], 
            "answer_count": 0, 
            "approved": true, 
            "followed_by": [], 
            "accepted_answer": null, 
            "answer_accepted_at": null, 
            "added_at": "2013-07-03T07:32:00.395", 
            "favourite_count": 0, 
            "language_code": "en", 
            "closed_at": null, 
            "closed_by": null, 
            "points": 0
        }
    }, 
    {
        "pk": 8, 
        "model": "askbot.thread", 
        "fields": {
            "last_activity_by": 2, 
            "view_count": 5, 
            "close_reason": null, 
            "last_activity_at": "2013-07-03T07:30:16.345", 
            "closed": false, 
            "title": "Test Test Test Test Test Test Test Test", 
            "tagnames": "", 
            "tags": [], 
            "answer_count": 2, 
            "approved": true, 
            "followed_by": [
                2
            ], 
            "accepted_answer": 13, 
            "answer_accepted_at": "2013-07-03T07:29:32.391", 
            "added_at": "2013-07-03T03:20:16.193", 
            "favourite_count": 0, 
            "language_code": "en", 
            "closed_at": null, 
            "closed_by": null, 
            "points": 0
        }
    }, 
    {
        "pk": 14, 
        "model": "askbot.thread", 
        "fields": {
            "last_activity_by": 5, 
            "view_count": 1, 
            "close_reason": null, 
            "last_activity_at": "2013-07-03T07:34:04.183", 
            "closed": false, 
            "title": "Test 333 Test 333 Test 333 Test 333 Test 333 Test 333 Test 333", 
            "tagnames": "", 
            "tags": [], 
            "answer_count": 1, 
            "approved": true, 
            "followed_by": [], 
            "accepted_answer": null, 
            "answer_accepted_at": null, 
            "added_at": "2013-07-03T07:33:34.442", 
            "favourite_count": 0, 
            "language_code": "en", 
            "closed_at": null, 
            "closed_by": null, 
            "points": 0
        }
    }, 
    {
        "pk": 3, 
        "model": "askbot.draftquestion", 
        "fields": {
            "tagnames": "", 
            "text": "Test 2 Test 2 Test 2 Test 2 Test 2 Test 2 Test 2 Test 2 \n\n\n![image description](http://www.kupywrestlingwallpapers.info/wallpapers/cm-punk-best-in-the-world-logo-wallpaper-1280x1024.jpg)", 
            "title": "Test 2 Test 2 Test 2 Test 2 Test 2 Test 2 ", 
            "author": 2
        }
    }, 
    {
        "pk": 1, 
        "model": "askbot.draftquestion", 
        "fields": {
            "tagnames": "Test testquestion thisisatest", 
            "text": "**So I'm just tying to test a bit here. Don't be offended please)))**\n\nLets insert and image for example.\n", 
            "title": "This is a test question. Hope it makes some fun", 
            "author": 1
        }
    }, 
    {
        "pk": 1, 
        "model": "askbot.anonymousquestion", 
        "fields": {
            "wiki": false, 
            "ip_addr": "192.168.137.1", 
            "is_anonymous": false, 
            "author": null, 
            "tagnames": "interest in questions test", 
            "text": "I'm just interested in asking a question))", 
            "title": "I'm interested in asking a question", 
            "added_at": "2013-07-01T10:24:56.776", 
            "session_key": "6d9d6dfe3a73f76773f4348c30b69e97"
        }
    }, 
    {
        "pk": 1, 
        "model": "askbot.replyaddress", 
        "fields": {
            "allowed_from_email": "v_ognev@mail.ru", 
            "used_at": null, 
            "response_post": null, 
            "user": 2, 
            "address": "xhkwwr98miqcvvgwmko", 
            "post": null, 
            "reply_action": "validate_email"
        }
    }, 
    {
        "pk": 2, 
        "model": "askbot.replyaddress", 
        "fields": {
            "allowed_from_email": "vintoz@mail.ru", 
            "used_at": null, 
            "response_post": null, 
            "user": 5, 
            "address": "etkijgjpvznajdo", 
            "post": null, 
            "reply_action": "validate_email"
        }
    }
]